Time,f0
0.0,0.0
4.1684798375398896e-05,0.0
8.336959675079779e-05,0.0
0.0001250543951261967,0.0
0.00016673919350159558,0.0
0.00020842399187699447,0.0
0.0002501087902523934,0.0
0.0002917935886277923,0.0
0.00033347838700319117,0.0
0.00037516318537859005,0.0
0.00041684798375398894,0.0
0.00045853278212938783,0.0
0.0005002175805047868,0.0
0.0005419023788801856,0.0
0.0005835871772555846,0.0
0.0006252719756309834,0.0
0.0006669567740063823,0.0
0.0007086415723817813,0.0
0.0007503263707571801,0.0
0.000792011169132579,0.0
0.0008336959675079779,0.0
0.0008753807658833768,0.0
0.0009170655642587757,0.0
0.0009587503626341746,0.0
0.0010004351610095736,0.0
0.0010421199593849725,0.0
0.0010838047577603712,0.0
0.0011254895561357702,0.0
0.001167174354511169,0.0
0.001208859152886568,0.0
0.0012505439512619668,0.0
0.0012922287496373657,0.0
0.0013339135480127647,250.0
0.0013755983463881636,255.31914893617022
0.0014172831447635625,255.31914893617022
0.0014589679431389613,258.06451612903226
0.0015006527415143602,258.06451612903226
0.0015423375398897592,258.06451612903226
0.001584022338265158,258.06451612903226
0.0016257071366405568,258.06451612903226
0.0016673919350159558,258.06451612903226
0.0017090767333913547,258.06451612903226
0.0017507615317667537,260.8695652173913
0.0017924463301421526,260.8695652173913
0.0018341311285175513,260.8695652173913
0.0018758159268929503,260.8695652173913
0.0019175007252683492,260.8695652173913
0.001959185523643748,260.8695652173913
0.002000870322019147,260.8695652173913
0.002042555120394546,260.8695652173913
0.002084239918769945,260.8695652173913
0.0021259247171453435,260.8695652173913
0.0021676095155207424,263.7362637362637
0.0022092943138961414,263.7362637362637
0.0022509791122715403,263.7362637362637
0.0022926639106469393,263.7362637362637
0.002334348709022338,263.7362637362637
0.002376033507397737,258.06451612903226
0.002417718305773136,260.8695652173913
0.002459403104148535,260.8695652173913
0.0025010879025239336,258.06451612903226
0.0025427727008993325,258.06451612903226
0.0025844574992747314,258.06451612903226
0.0026261422976501304,258.06451612903226
0.0026678270960255293,260.8695652173913
0.0027095118944009283,260.8695652173913
0.002751196692776327,260.8695652173913
0.002792881491151726,260.8695652173913
0.002834566289527125,260.8695652173913
0.0028762510879025236,260.8695652173913
0.0029179358862779226,0.0
0.0029596206846533215,0.0
0.0030013054830287204,0.0
0.0030429902814041194,0.0
0.0030846750797795183,0.0
0.0031263598781549173,0.0
0.003168044676530316,0.0
0.003209729474905715,218.1818181818182
0.0032514142732811137,216.21621621621622
0.0032930990716565126,214.28571428571428
0.0033347838700319116,214.28571428571428
0.0033764686684073105,216.21621621621622
0.0034181534667827094,216.21621621621622
0.0034598382651581084,218.1818181818182
0.0035015230635335073,218.1818181818182
0.0035432078619089063,218.1818181818182
0.003584892660284305,218.1818181818182
0.0036265774586597037,218.1818181818182
0.0036682622570351027,218.1818181818182
0.0037099470554105016,218.1818181818182
0.0037516318537859005,220.1834862385321
0.0037933166521612995,220.1834862385321
0.0038350014505366984,220.1834862385321
0.0038766862489120974,220.1834862385321
0.003918371047287496,222.22222222222223
0.003960055845662895,220.1834862385321
0.004001740644038294,220.1834862385321
0.004043425442413693,220.1834862385321
0.004085110240789092,220.1834862385321
0.004126795039164491,220.1834862385321
0.00416847983753989,222.22222222222223
0.004210164635915288,222.22222222222223
0.004251849434290687,220.1834862385321
0.004293534232666086,220.1834862385321
0.004335219031041485,220.1834862385321
0.004376903829416884,220.1834862385321
0.004418588627792283,220.1834862385321
0.004460273426167682,220.1834862385321
0.004501958224543081,220.1834862385321
0.00454364302291848,220.1834862385321
0.0045853278212938785,218.1818181818182
0.0046270126196692775,216.21621621621622
0.004668697418044676,212.38938053097345
0.004710382216420075,210.52631578947367
0.004752067014795474,208.69565217391303
0.004793751813170873,205.12820512820514
0.004835436611546272,0.0
0.004877121409921671,0.0
0.00491880620829707,0.0
0.004960491006672468,190.47619047619048
0.005002175805047867,188.9763779527559
0.005043860603423266,188.9763779527559
0.005085545401798665,188.9763779527559
0.005127230200174064,190.47619047619048
0.005168914998549463,192.0
0.005210599796924862,193.5483870967742
0.005252284595300261,195.1219512195122
0.00529396939367566,196.72131147540983
0.005335654192051059,196.72131147540983
0.005377338990426458,198.34710743801654
0.0054190237888018565,198.34710743801654
0.0054607085871772555,198.34710743801654
0.005502393385552654,198.34710743801654
0.005544078183928053,198.34710743801654
0.005585762982303452,198.34710743801654
0.005627447780678851,195.1219512195122
0.00566913257905425,192.0
0.005710817377429649,0.0
0.005752502175805047,0.0
0.005794186974180446,0.0
0.005835871772555845,0.0
0.005877556570931244,0.0
0.005919241369306643,0.0
0.005960926167682042,0.0
0.006002610966057441,0.0
0.00604429576443284,0.0
0.006085980562808239,0.0
0.006127665361183638,0.0
0.006169350159559037,0.0
0.006211034957934436,0.0
0.0062527197563098345,0.0
0.0062944045546852335,0.0
0.006336089353060632,0.0
0.006377774151436031,0.0
0.00641945894981143,0.0
0.006461143748186829,0.0
0.006502828546562227,0.0
0.006544513344937626,282.3529411764706
0.006586198143313025,285.7142857142857
0.006627882941688424,289.1566265060241
0.006669567740063823,292.6829268292683
0.006711252538439222,292.6829268292683
0.006752937336814621,292.6829268292683
0.00679462213519002,292.6829268292683
0.006836306933565419,292.6829268292683
0.006877991731940818,292.6829268292683
0.006919676530316217,296.2962962962963
0.006961361328691616,296.2962962962963
0.007003046127067015,300.0
0.007044730925442414,303.7974683544304
0.0070864157238178125,307.6923076923077
0.0071281005221932115,311.68831168831167
0.00716978532056861,315.7894736842105
0.007211470118944009,320.0
0.0072531549173194074,324.3243243243243
0.007294839715694806,328.7671232876712
0.007336524514070205,328.7671232876712
0.007378209312445604,328.7671232876712
0.007419894110821003,328.7671232876712
0.007461578909196402,328.7671232876712
0.007503263707571801,333.3333333333333
0.0075449485059472,333.3333333333333
0.007586633304322599,333.3333333333333
0.007628318102697998,333.3333333333333
0.007670002901073397,328.7671232876712
0.007711687699448796,328.7671232876712
0.007753372497824195,328.7671232876712
0.007795057296199594,333.3333333333333
0.007836742094574993,333.3333333333333
0.007878426892950392,333.3333333333333
0.00792011169132579,328.7671232876712
0.00796179648970119,328.7671232876712
0.008003481288076588,328.7671232876712
0.008045166086451987,328.7671232876712
0.008086850884827386,328.7671232876712
0.008128535683202785,328.7671232876712
0.008170220481578184,328.7671232876712
0.008211905279953583,328.7671232876712
0.008253590078328982,328.7671232876712
0.008295274876704381,328.7671232876712
0.00833695967507978,328.7671232876712
0.008378644473455179,328.7671232876712
0.008420329271830576,328.7671232876712
0.008462014070205975,324.3243243243243
0.008503698868581374,328.7671232876712
0.008545383666956773,328.7671232876712
0.008587068465332172,328.7671232876712
0.00862875326370757,328.7671232876712
0.00867043806208297,328.7671232876712
0.008712122860458369,328.7671232876712
0.008753807658833768,328.7671232876712
0.008795492457209167,328.7671232876712
0.008837177255584566,324.3243243243243
0.008878862053959964,324.3243243243243
0.008920546852335363,315.7894736842105
0.008962231650710762,311.68831168831167
0.009003916449086161,303.7974683544304
0.00904560124746156,285.7142857142857
0.00908728604583696,275.86206896551727
0.009128970844212358,263.7362637362637
0.009170655642587757,258.06451612903226
0.009212340440963156,255.31914893617022
0.009254025239338555,255.31914893617022
0.009295710037713954,252.6315789473684
0.009337394836089353,255.31914893617022
0.009379079634464752,258.06451612903226
0.00942076443284015,258.06451612903226
0.00946244923121555,260.8695652173913
0.009504134029590949,263.7362637362637
0.009545818827966348,263.7362637362637
0.009587503626341747,266.6666666666667
0.009629188424717145,266.6666666666667
0.009670873223092544,263.7362637362637
0.009712558021467943,263.7362637362637
0.009754242819843342,263.7362637362637
0.009795927618218741,263.7362637362637
0.00983761241659414,260.8695652173913
0.009879297214969539,260.8695652173913
0.009920982013344936,260.8695652173913
0.009962666811720335,260.8695652173913
0.010004351610095734,260.8695652173913
0.010046036408471133,260.8695652173913
0.010087721206846532,260.8695652173913
0.010129406005221931,260.8695652173913
0.01017109080359733,260.8695652173913
0.010212775601972729,260.8695652173913
0.010254460400348128,260.8695652173913
0.010296145198723527,260.8695652173913
0.010337829997098926,260.8695652173913
0.010379514795474325,260.8695652173913
0.010421199593849724,260.8695652173913
0.010462884392225123,263.7362637362637
0.010504569190600522,266.6666666666667
0.01054625398897592,266.6666666666667
0.01058793878735132,269.6629213483146
0.010629623585726718,269.6629213483146
0.010671308384102117,269.6629213483146
0.010712993182477516,269.6629213483146
0.010754677980852915,266.6666666666667
0.010796362779228314,263.7362637362637
0.010838047577603713,260.8695652173913
0.010879732375979112,260.8695652173913
0.010921417174354511,0.0
0.01096310197272991,240.0
0.011004786771105309,237.62376237623764
0.011046471569480708,240.0
0.011088156367856107,242.42424242424244
0.011129841166231506,255.31914893617022
0.011171525964606905,258.06451612903226
0.011213210762982304,263.7362637362637
0.011254895561357703,266.6666666666667
0.011296580359733101,266.6666666666667
0.0113382651581085,263.7362637362637
0.0113799499564839,260.8695652173913
0.011421634754859298,0.0
0.011463319553234695,0.0
0.011505004351610094,0.0
0.011546689149985493,0.0
0.011588373948360892,0.0
0.011630058746736291,0.0
0.01167174354511169,0.0
0.01171342834348709,0.0
0.011755113141862488,0.0
0.011796797940237887,0.0
0.011838482738613286,0.0
0.011880167536988685,0.0
0.011921852335364084,0.0
0.011963537133739483,0.0
0.012005221932114882,0.0
0.01204690673049028,0.0
0.01208859152886568,0.0
0.012130276327241079,0.0
0.012171961125616478,0.0
0.012213645923991876,0.0
0.012255330722367275,0.0
0.012297015520742674,0.0
0.012338700319118073,0.0
0.012380385117493472,0.0
0.012422069915868871,0.0
0.01246375471424427,0.0
0.012505439512619669,0.0
0.012547124310995068,0.0
0.012588809109370467,0.0
0.012630493907745866,0.0
0.012672178706121265,0.0
0.012713863504496664,0.0
0.012755548302872063,0.0
0.012797233101247462,0.0
0.01283891789962286,0.0
0.01288060269799826,0.0
0.012922287496373659,0.0
0.012963972294749056,0.0
0.013005657093124455,0.0
0.013047341891499854,0.0
0.013089026689875253,0.0
0.013130711488250651,0.0
0.01317239628662605,0.0
0.01321408108500145,0.0
0.013255765883376848,0.0
0.013297450681752247,380.95238095238096
0.013339135480127646,387.0967741935484
0.013380820278503045,387.0967741935484
0.013422505076878444,387.0967741935484
0.013464189875253843,387.0967741935484
0.013505874673629242,387.0967741935484
0.013547559472004641,387.0967741935484
0.01358924427038004,387.0967741935484
0.013630929068755439,387.0967741935484
0.013672613867130838,387.0967741935484
0.013714298665506237,387.0967741935484
0.013755983463881636,387.0967741935484
0.013797668262257035,387.0967741935484
0.013839353060632434,387.0967741935484
0.013881037859007832,387.0967741935484
0.013922722657383231,387.0967741935484
0.01396440745575863,387.0967741935484
0.01400609225413403,387.0967741935484
0.014047777052509428,387.0967741935484
0.014089461850884827,0.0
0.014131146649260226,0.0
0.014172831447635625,0.0
0.014214516246011024,0.0
0.014256201044386423,0.0
0.014297885842761822,0.0
0.01433957064113722,521.7391304347826
0.01438125543951262,521.7391304347826
0.014422940237888019,521.7391304347826
0.014464625036263418,521.7391304347826
0.014506309834638815,510.63829787234044
0.014547994633014214,510.63829787234044
0.014589679431389613,510.63829787234044
0.014631364229765012,510.63829787234044
0.01467304902814041,510.63829787234044
0.01471473382651581,510.63829787234044
0.014756418624891209,521.7391304347826
0.014798103423266607,521.7391304347826
0.014839788221642006,521.7391304347826
0.014881473020017405,521.7391304347826
0.014923157818392804,521.7391304347826
0.014964842616768203,533.3333333333334
0.015006527415143602,533.3333333333334
0.015048212213519001,533.3333333333334
0.0150898970118944,533.3333333333334
0.015131581810269799,533.3333333333334
0.015173266608645198,521.7391304347826
0.015214951407020597,0.0
0.015256636205395996,0.0
0.015298321003771395,0.0
0.015340005802146794,0.0
0.015381690600522193,0.0
0.015423375398897592,0.0
0.01546506019727299,0.0
0.01550674499564839,0.0
0.015548429794023788,521.7391304347826
0.015590114592399187,510.63829787234044
0.015631799390774585,510.63829787234044
0.015673484189149985,510.63829787234044
0.015715168987525382,500.0
0.015756853785900783,500.0
0.01579853858427618,500.0
0.01584022338265158,489.7959183673469
0.01588190818102698,489.7959183673469
0.01592359297940238,489.7959183673469
0.015965277777777776,489.7959183673469
0.016006962576153177,489.7959183673469
0.016048647374528574,489.7959183673469
0.016090332172903975,489.7959183673469
0.016132016971279372,489.7959183673469
0.016173701769654773,489.7959183673469
0.01621538656803017,489.7959183673469
0.01625707136640557,480.0
0.016298756164780968,480.0
0.01634044096315637,470.5882352941176
0.016382125761531766,470.5882352941176
0.016423810559907166,461.53846153846155
0.016465495358282563,452.8301886792453
0.016507180156657964,452.8301886792453
0.01654886495503336,0.0
0.016590549753408762,452.8301886792453
0.01663223455178416,444.44444444444446
0.01667391935015956,444.44444444444446
0.016715604148534957,436.3636363636364
0.016757288946910358,436.3636363636364
0.016798973745285755,220.1834862385321
0.016840658543661152,436.3636363636364
0.016882343342036553,218.1818181818182
0.01692402814041195,218.1818181818182
0.01696571293878735,436.3636363636364
0.017007397737162748,436.3636363636364
0.01704908253553815,436.3636363636364
0.017090767333913546,436.3636363636364
0.017132452132288947,436.3636363636364
0.017174136930664344,0.0
0.017215821729039744,0.0
0.01725750652741514,0.0
0.017299191325790542,0.0
0.01734087612416594,0.0
0.01738256092254134,0.0
0.017424245720916737,0.0
0.017465930519292138,0.0
0.017507615317667535,0.0
0.017549300116042936,0.0
0.017590984914418333,0.0
0.017632669712793734,0.0
0.01767435451116913,0.0
0.017716039309544532,0.0
0.01775772410791993,0.0
0.01779940890629533,0.0
0.017841093704670727,0.0
0.017882778503046128,0.0
0.017924463301421525,400.0
0.017966148099796925,400.0
0.018007832898172323,400.0
0.018049517696547723,400.0
0.01809120249492312,393.44262295081967
0.01813288729329852,393.44262295081967
0.01817457209167392,387.0967741935484
0.01821625689004932,387.0967741935484
0.018257941688424716,393.44262295081967
0.018299626486800114,393.44262295081967
0.018341311285175514,393.44262295081967
0.01838299608355091,393.44262295081967
0.018424680881926312,393.44262295081967
0.01846636568030171,393.44262295081967
0.01850805047867711,393.44262295081967
0.018549735277052507,393.44262295081967
0.018591420075427908,393.44262295081967
0.018633104873803305,387.0967741935484
0.018674789672178706,380.95238095238096
0.018716474470554103,369.2307692307692
0.018758159268929504,347.82608695652175
0.0187998440673049,0.0
0.0188415288656803,324.3243243243243
0.0188832136640557,315.7894736842105
0.0189248984624311,303.7974683544304
0.018966583260806497,300.0
0.019008268059181897,296.2962962962963
0.019049952857557294,296.2962962962963
0.019091637655932695,296.2962962962963
0.019133322454308092,292.6829268292683
0.019175007252683493,292.6829268292683
0.01921669205105889,292.6829268292683
0.01925837684943429,292.6829268292683
0.019300061647809688,296.2962962962963
0.01934174644618509,296.2962962962963
0.019383431244560486,296.2962962962963
0.019425116042935887,296.2962962962963
0.019466800841311284,296.2962962962963
0.019508485639686685,296.2962962962963
0.019550170438062082,292.6829268292683
0.019591855236437482,292.6829268292683
0.01963354003481288,292.6829268292683
0.01967522483318828,292.6829268292683
0.019716909631563678,292.6829268292683
0.019758594429939078,292.6829268292683
0.019800279228314475,292.6829268292683
0.019841964026689873,292.6829268292683
0.019883648825065273,292.6829268292683
0.01992533362344067,292.6829268292683
0.01996701842181607,292.6829268292683
0.02000870322019147,292.6829268292683
0.02005038801856687,292.6829268292683
0.020092072816942266,292.6829268292683
0.020133757615317667,296.2962962962963
0.020175442413693064,292.6829268292683
0.020217127212068465,292.6829268292683
0.020258812010443862,292.6829268292683
0.020300496808819263,292.6829268292683
0.02034218160719466,292.6829268292683
0.02038386640557006,292.6829268292683
0.020425551203945458,292.6829268292683
0.02046723600232086,292.6829268292683
0.020508920800696256,292.6829268292683
0.020550605599071656,292.6829268292683
0.020592290397447054,292.6829268292683
0.020633975195822454,296.2962962962963
0.02067565999419785,296.2962962962963
0.020717344792573252,296.2962962962963
0.02075902959094865,296.2962962962963
0.02080071438932405,296.2962962962963
0.020842399187699447,296.2962962962963
0.020884083986074848,292.6829268292683
0.020925768784450245,292.6829268292683
0.020967453582825646,289.1566265060241
0.021009138381201043,289.1566265060241
0.021050823179576444,285.7142857142857
0.02109250797795184,282.3529411764706
0.02113419277632724,282.3529411764706
0.02117587757470264,282.3529411764706
0.02121756237307804,285.7142857142857
0.021259247171453437,289.1566265060241
0.021300931969828837,296.2962962962963
0.021342616768204235,300.0
0.021384301566579632,303.7974683544304
0.021425986364955033,303.7974683544304
0.02146767116333043,307.6923076923077
0.02150935596170583,307.6923076923077
0.021551040760081228,303.7974683544304
0.02159272555845663,303.7974683544304
0.021634410356832025,296.2962962962963
0.021676095155207426,289.1566265060241
0.021717779953582823,285.7142857142857
0.021759464751958224,285.7142857142857
0.02180114955033362,285.7142857142857
0.021842834348709022,289.1566265060241
0.02188451914708442,292.6829268292683
0.02192620394545982,296.2962962962963
0.021967888743835217,300.0
0.022009573542210618,292.6829268292683
0.022051258340586015,0.0
0.022092943138961416,0.0
0.022134627937336813,0.0
0.022176312735712213,0.0
0.02221799753408761,0.0
0.02225968233246301,0.0
0.02230136713083841,0.0
0.02234305192921381,0.0
0.022384736727589206,0.0
0.022426421525964607,0.0
0.022468106324340004,0.0
0.022509791122715405,0.0
0.022551475921090802,0.0
0.022593160719466203,0.0
0.0226348455178416,0.0
0.022676530316217,0.0
0.022718215114592398,0.0
0.0227598999129678,0.0
0.022801584711343196,0.0
0.022843269509718597,0.0
0.022884954308093994,0.0
0.02292663910646939,0.0
0.02296832390484479,0.0
0.02301000870322019,0.0
0.02305169350159559,0.0
0.023093378299970987,0.0
0.023135063098346387,0.0
0.023176747896721785,0.0
0.023218432695097185,0.0
0.023260117493472583,0.0
0.023301802291847983,0.0
0.02334348709022338,0.0
0.02338517188859878,0.0
0.02342685668697418,0.0
0.02346854148534958,0.0
0.023510226283724976,0.0
0.023551911082100377,0.0
0.023593595880475774,0.0
0.023635280678851175,0.0
0.023676965477226572,0.0
0.023718650275601973,0.0
0.02376033507397737,0.0
0.02380201987235277,250.0
0.023843704670728168,252.6315789473684
0.02388538946910357,258.06451612903226
0.023927074267478966,258.06451612903226
0.023968759065854366,258.06451612903226
0.024010443864229764,255.31914893617022
0.024052128662605164,255.31914893617022
0.02409381346098056,255.31914893617022
0.024135498259355962,258.06451612903226
0.02417718305773136,260.8695652173913
0.02421886785610676,263.7362637362637
0.024260552654482157,263.7362637362637
0.024302237452857558,0.0
0.024343922251232955,0.0
0.024385607049608356,0.0
0.024427291847983753,0.0
0.02446897664635915,0.0
0.02451066144473455,0.0
0.024552346243109948,0.0
0.02459403104148535,0.0
0.024635715839860746,0.0
0.024677400638236147,0.0
0.024719085436611544,300.0
0.024760770234986944,300.0
0.02480245503336234,296.2962962962963
0.024844139831737742,292.6829268292683
0.02488582463011314,292.6829268292683
0.02492750942848854,289.1566265060241
0.024969194226863937,289.1566265060241
0.025010879025239338,289.1566265060241
0.025052563823614735,289.1566265060241
0.025094248621990136,292.6829268292683
0.025135933420365533,296.2962962962963
0.025177618218740934,296.2962962962963
0.02521930301711633,300.0
0.025260987815491732,300.0
0.02530267261386713,303.7974683544304
0.02534435741224253,303.7974683544304
0.025386042210617927,0.0
0.025427727008993328,315.7894736842105
0.025469411807368725,315.7894736842105
0.025511096605744125,320.0
0.025552781404119523,324.3243243243243
0.025594466202494923,328.7671232876712
0.02563615100087032,328.7671232876712
0.02567783579924572,328.7671232876712
0.02571952059762112,328.7671232876712
0.02576120539599652,333.3333333333333
0.025802890194371916,328.7671232876712
0.025844574992747317,324.3243243243243
0.025886259791122714,0.0
0.02592794458949811,0.0
0.025969629387873512,0.0
0.02601131418624891,0.0
0.02605299898462431,0.0
0.026094683782999707,0.0
0.026136368581375108,0.0
0.026178053379750505,0.0
0.026219738178125906,0.0
0.026261422976501303,0.0
0.026303107774876704,0.0
0.0263447925732521,0.0
0.0263864773716275,0.0
0.0264281621700029,0.0
0.0264698469683783,303.7974683544304
0.026511531766753697,300.0
0.026553216565129097,300.0
0.026594901363504495,296.2962962962963
0.026636586161879895,292.6829268292683
0.026678270960255292,292.6829268292683
0.026719955758630693,292.6829268292683
0.02676164055700609,292.6829268292683
0.02680332535538149,292.6829268292683
0.026845010153756888,292.6829268292683
0.02688669495213229,296.2962962962963
0.026928379750507686,296.2962962962963
0.026970064548883087,296.2962962962963
0.027011749347258484,292.6829268292683
0.027053434145633885,292.6829268292683
0.027095118944009282,292.6829268292683
0.027136803742384683,292.6829268292683
0.02717848854076008,292.6829268292683
0.02722017333913548,292.6829268292683
0.027261858137510878,292.6829268292683
0.02730354293588628,292.6829268292683
0.027345227734261675,292.6829268292683
0.027386912532637076,292.6829268292683
0.027428597331012473,292.6829268292683
0.02747028212938787,292.6829268292683
0.02751196692776327,292.6829268292683
0.02755365172613867,292.6829268292683
0.02759533652451407,292.6829268292683
0.027637021322889466,296.2962962962963
0.027678706121264867,296.2962962962963
0.027720390919640264,296.2962962962963
0.027762075718015665,296.2962962962963
0.027803760516391062,296.2962962962963
0.027845445314766463,296.2962962962963
0.02788713011314186,296.2962962962963
0.02792881491151726,296.2962962962963
0.027970499709892658,296.2962962962963
0.02801218450826806,292.6829268292683
0.028053869306643456,292.6829268292683
0.028095554105018856,289.1566265060241
0.028137238903394254,285.7142857142857
0.028178923701769654,282.3529411764706
0.02822060850014505,282.3529411764706
0.028262293298520452,285.7142857142857
0.02830397809689585,292.6829268292683
0.02834566289527125,296.2962962962963
0.028387347693646647,300.0
0.028429032492022048,303.7974683544304
0.028470717290397445,307.6923076923077
0.028512402088772846,311.68831168831167
0.028554086887148243,307.6923076923077
0.028595771685523644,307.6923076923077
0.02863745648389904,303.7974683544304
0.02867914128227444,296.2962962962963
0.02872082608064984,289.1566265060241
0.02876251087902524,282.3529411764706
0.028804195677400637,272.72727272727275
0.028845880475776037,266.6666666666667
0.028887565274151435,266.6666666666667
0.028929250072526835,266.6666666666667
0.028970934870902233,269.6629213483146
0.02901261966927763,275.86206896551727
0.02905430446765303,275.86206896551727
0.029095989266028428,272.72727272727275
0.02913767406440383,0.0
0.029179358862779226,0.0
0.029221043661154626,0.0
0.029262728459530023,0.0
0.029304413257905424,0.0
0.02934609805628082,0.0
0.029387782854656222,0.0
0.02942946765303162,0.0
0.02947115245140702,0.0
0.029512837249782417,0.0
0.029554522048157818,0.0
0.029596206846533215,0.0
0.029637891644908616,0.0
0.029679576443284013,0.0
0.029721261241659414,0.0
0.02976294604003481,0.0
0.02980463083841021,0.0
0.02984631563678561,0.0
0.02988800043516101,0.0
0.029929685233536407,0.0
0.029971370031911807,0.0
0.030013054830287204,0.0
0.030054739628662605,0.0
0.030096424427038002,0.0
0.030138109225413403,0.0
0.0301797940237888,0.0
0.0302214788221642,0.0
0.030263163620539598,0.0
0.030304848418915,0.0
0.030346533217290396,0.0
0.030388218015665797,0.0
0.030429902814041194,0.0
0.030471587612416594,0.0
0.03051327241079199,0.0
0.03055495720916739,0.0
0.03059664200754279,0.0
0.030638326805918187,0.0
0.030680011604293587,0.0
0.030721696402668985,0.0
0.030763381201044385,0.0
0.030805065999419783,0.0
0.030846750797795183,0.0
0.03088843559617058,0.0
0.03093012039454598,0.0
0.03097180519292138,0.0
0.03101348999129678,0.0
0.031055174789672176,0.0
0.031096859588047577,0.0
0.031138544386422974,0.0
0.031180229184798375,0.0
0.031221913983173772,0.0
0.03126359878154917,0.0
0.03130528357992457,0.0
0.03134696837829997,0.0
0.03138865317667537,0.0
0.031430337975050765,0.0
0.031472022773426166,0.0
0.031513707571801566,0.0
0.03155539237017697,303.7974683544304
0.03159707716855236,300.0
0.03163876196692776,296.2962962962963
0.03168044676530316,292.6829268292683
0.03172213156367856,292.6829268292683
0.03176381636205396,292.6829268292683
0.03180550116042936,296.2962962962963
0.03184718595880476,296.2962962962963
0.03188887075718016,296.2962962962963
0.03193055555555555,296.2962962962963
0.03197224035393095,296.2962962962963
0.032013925152306354,292.6829268292683
0.03205560995068175,0.0
0.03209729474905715,0.0
0.03213897954743255,0.0
0.03218066434580795,0.0
0.03222234914418334,0.0
0.032264033942558744,0.0
0.032305718740934145,0.0
0.032347403539309545,0.0
0.03238908833768494,0.0
0.03243077313606034,387.0967741935484
0.03247245793443574,380.95238095238096
0.03251414273281114,387.0967741935484
0.032555827531186535,393.44262295081967
0.032597512329561935,393.44262295081967
0.032639197127937336,387.0967741935484
0.03268088192631274,387.0967741935484
0.03272256672468813,292.6829268292683
0.03276425152306353,292.6829268292683
0.03280593632143893,0.0
0.03284762111981433,0.0
0.032889305918189726,0.0
0.03293099071656513,0.0
0.03297267551494053,0.0
0.03301436031331593,0.0
0.03305604511169132,0.0
0.03309772991006672,0.0
0.03313941470844212,0.0
0.033181099506817524,0.0
0.03322278430519292,320.0
0.03326446910356832,320.0
0.03330615390194372,324.3243243243243
0.03334783870031912,328.7671232876712
0.033389523498694514,338.0281690140845
0.033431208297069914,342.85714285714283
0.033472893095445315,347.82608695652175
0.033514577893820716,358.2089552238806
0.03355626269219611,363.6363636363636
0.03359794749057151,369.2307692307692
0.03363963228894691,375.0
0.033681317087322304,380.95238095238096
0.033723001885697705,380.95238095238096
0.033764686684073106,380.95238095238096
0.033806371482448506,387.0967741935484
0.0338480562808239,387.0967741935484
0.0338897410791993,387.0967741935484
0.0339314258775747,393.44262295081967
0.0339731106759501,393.44262295081967
0.034014795474325496,393.44262295081967
0.0340564802727009,393.44262295081967
0.0340981650710763,393.44262295081967
0.0341398498694517,387.0967741935484
0.03418153466782709,380.95238095238096
0.03422321946620249,375.0
0.03426490426457789,363.6363636363636
0.034306589062953294,352.94117647058823
0.03434827386132869,347.82608695652175
0.03438995865970409,338.0281690140845
0.03443164345807949,333.3333333333333
0.03447332825645489,328.7671232876712
0.03451501305483028,328.7671232876712
0.034556697853205684,328.7671232876712
0.034598382651581085,328.7671232876712
0.034640067449956485,328.7671232876712
0.03468175224833188,328.7671232876712
0.03472343704670728,328.7671232876712
0.03476512184508268,328.7671232876712
0.03480680664345808,328.7671232876712
0.034848491441833475,328.7671232876712
0.034890176240208876,328.7671232876712
0.034931861038584276,328.7671232876712
0.03497354583695968,328.7671232876712
0.03501523063533507,328.7671232876712
0.03505691543371047,328.7671232876712
0.03509860023208587,328.7671232876712
0.035140285030461266,328.7671232876712
0.035181969828836666,328.7671232876712
0.03522365462721207,328.7671232876712
0.03526533942558747,328.7671232876712
0.03530702422396286,328.7671232876712
0.03534870902233826,328.7671232876712
0.03539039382071366,328.7671232876712
0.035432078619089064,328.7671232876712
0.03547376341746446,328.7671232876712
0.03551544821583986,328.7671232876712
0.03555713301421526,328.7671232876712
0.03559881781259066,328.7671232876712
0.03564050261096605,328.7671232876712
0.035682187409341454,333.3333333333333
0.035723872207716854,333.3333333333333
0.035765557006092255,333.3333333333333
0.03580724180446765,333.3333333333333
0.03584892660284305,333.3333333333333
0.03589061140121845,333.3333333333333
0.03593229619959385,328.7671232876712
0.035973980997969245,328.7671232876712
0.036015665796344645,328.7671232876712
0.036057350594720046,324.3243243243243
0.03609903539309545,324.3243243243243
0.03614072019147084,320.0
0.03618240498984624,320.0
0.03622408978822164,320.0
0.03626577458659704,320.0
0.036307459384972436,324.3243243243243
0.03634914418334784,324.3243243243243
0.03639082898172324,328.7671232876712
0.03643251378009864,328.7671232876712
0.03647419857847403,333.3333333333333
0.03651588337684943,333.3333333333333
0.03655756817522483,333.3333333333333
0.03659925297360023,328.7671232876712
0.03664093777197563,324.3243243243243
0.03668262257035103,311.68831168831167
0.03672430736872643,307.6923076923077
0.03676599216710182,303.7974683544304
0.03680767696547722,303.7974683544304
0.036849361763852624,307.6923076923077
0.036891046562228025,311.68831168831167
0.03693273136060342,320.0
0.03697441615897882,328.7671232876712
0.03701610095735422,333.3333333333333
0.03705778575572962,338.0281690140845
0.037099470554105014,342.85714285714283
0.037141155352480415,342.85714285714283
0.037182840150855816,338.0281690140845
0.037224524949231216,333.3333333333333
0.03726620974760661,328.7671232876712
0.03730789454598201,320.0
0.03734957934435741,311.68831168831167
0.03739126414273281,307.6923076923077
0.037432948941108206,303.7974683544304
0.03747463373948361,300.0
0.03751631853785901,0.0
0.03755800333623441,0.0
0.0375996881346098,0.0
0.0376413729329852,0.0
0.0376830577313606,0.0
0.037724742529736004,0.0
0.0377664273281114,0.0
0.0378081121264868,0.0
0.0378497969248622,0.0
0.0378914817232376,0.0
0.03793316652161299,0.0
0.037974851319988394,0.0
0.038016536118363795,0.0
0.038058220916739195,0.0
0.03809990571511459,0.0
0.03814159051348999,0.0
0.03818327531186539,0.0
0.038224960110240784,0.0
0.038266644908616185,0.0
0.038308329706991585,0.0
0.038350014505366986,0.0
0.03839169930374238,0.0
0.03843338410211778,0.0
0.03847506890049318,0.0
0.03851675369886858,0.0
0.038558438497243976,0.0
0.038600123295619376,0.0
0.03864180809399478,0.0
0.03868349289237018,0.0
0.03872517769074557,0.0
0.03876686248912097,0.0
0.03880854728749637,0.0
0.03885023208587177,0.0
0.03889191688424717,0.0
0.03893360168262257,0.0
0.03897528648099797,0.0
0.03901697127937337,0.0
0.03905865607774876,0.0
0.039100340876124164,0.0
0.039142025674499564,0.0
0.039183710472874965,0.0
0.03922539527125036,0.0
0.03926708006962576,0.0
0.03930876486800116,0.0
0.03935044966637656,0.0
0.039392134464751954,0.0
0.039433819263127355,0.0
0.039475504061502756,0.0
0.039517188859878156,0.0
0.03955887365825355,0.0
0.03960055845662895,0.0
0.03964224325500435,0.0
0.039683928053379745,0.0
0.039725612851755146,0.0
0.03976729765013055,0.0
0.03980898244850595,0.0
0.03985066724688134,0.0
0.03989235204525674,0.0
0.03993403684363214,0.0
0.03997572164200754,0.0
0.04001740644038294,0.0
0.04005909123875834,0.0
0.04010077603713374,0.0
0.04014246083550914,0.0
0.04018414563388453,0.0
0.04022583043225993,0.0
0.040267515230635334,0.0
0.040309200029010735,0.0
0.04035088482738613,0.0
0.04039256962576153,0.0
0.04043425442413693,0.0
0.04047593922251233,0.0
0.040517624020887724,0.0
0.040559308819263125,0.0
0.040600993617638526,0.0
0.040642678416013926,0.0
0.04068436321438932,0.0
0.04072604801276472,0.0
0.04076773281114012,0.0
0.04080941760951552,0.0
0.040851102407890916,0.0
0.040892787206266316,0.0
0.04093447200464172,0.0
0.04097615680301712,0.0
0.04101784160139251,0.0
0.04105952639976791,0.0
0.04110121119814331,0.0
0.041142895996518714,0.0
0.04118458079489411,0.0
0.04122626559326951,0.0
0.04126795039164491,0.0
0.0413096351900203,0.0
0.0413513199883957,0.0
0.041393004786771104,0.0
0.041434689585146504,0.0
0.0414763743835219,0.0
0.0415180591818973,0.0
0.0415597439802727,0.0
0.0416014287786481,0.0
0.041643113577023494,0.0
0.041684798375398895,0.0
0.041726483173774295,0.0
0.041768167972149696,0.0
0.04180985277052509,0.0
0.04185153756890049,0.0
0.04189322236727589,0.0
0.04193490716565129,0.0
0.041976591964026685,0.0
0.042018276762402086,0.0
0.04205996156077749,0.0
0.04210164635915289,0.0
0.04214333115752828,0.0
0.04218501595590368,0.0
0.04222670075427908,0.0
0.04226838555265448,0.0
0.04231007035102988,0.0
0.04235175514940528,0.0
0.04239343994778068,0.0
0.04243512474615608,0.0
0.04247680954453147,0.0
0.04251849434290687,0.0
0.042560179141282274,0.0
0.042601863939657675,0.0
0.04264354873803307,0.0
0.04268523353640847,0.0
0.04272691833478387,165.51724137931035
0.042768603133159264,165.51724137931035
0.042810287931534664,333.3333333333333
0.042851972729910065,333.3333333333333
0.042893657528285466,333.3333333333333
0.04293534232666086,328.7671232876712
0.04297702712503626,328.7671232876712
0.04301871192341166,328.7671232876712
0.04306039672178706,328.7671232876712
0.043102081520162455,328.7671232876712
0.043143766318537856,328.7671232876712
0.04318545111691326,328.7671232876712
0.04322713591528866,328.7671232876712
0.04326882071366405,328.7671232876712
0.04331050551203945,328.7671232876712
0.04335219031041485,328.7671232876712
0.04339387510879025,328.7671232876712
0.04343555990716565,328.7671232876712
0.04347724470554105,328.7671232876712
0.04351892950391645,328.7671232876712
0.04356061430229185,328.7671232876712
0.04360229910066724,328.7671232876712
0.04364398389904264,328.7671232876712
0.043685668697418044,324.3243243243243
0.043727353495793445,328.7671232876712
0.04376903829416884,328.7671232876712
0.04381072309254424,328.7671232876712
0.04385240789091964,328.7671232876712
0.04389409268929504,328.7671232876712
0.043935777487670434,324.3243243243243
0.043977462286045835,320.0
0.044019147084421235,320.0
0.044060831882796636,307.6923076923077
0.04410251668117203,303.7974683544304
0.04414420147954743,300.0
0.04418588627792283,296.2962962962963
0.044227571076298225,292.6829268292683
0.044269255874673626,289.1566265060241
0.044310940673049026,289.1566265060241
0.04435262547142443,289.1566265060241
0.04439431026979982,292.6829268292683
0.04443599506817522,292.6829268292683
0.04447767986655062,296.2962962962963
0.04451936466492602,300.0
0.044561049463301416,307.6923076923077
0.04460273426167682,311.68831168831167
0.04464441906005222,315.7894736842105
0.04468610385842762,324.3243243243243
0.04472778865680301,324.3243243243243
0.04476947345517841,328.7671232876712
0.044811158253553814,328.7671232876712
0.044852843051929214,333.3333333333333
0.04489452785030461,333.3333333333333
0.04493621264868001,333.3333333333333
0.04497789744705541,333.3333333333333
0.04501958224543081,333.3333333333333
0.045061267043806204,328.7671232876712
0.045102951842181604,328.7671232876712
0.045144636640557005,328.7671232876712
0.045186321438932406,328.7671232876712
0.0452280062373078,328.7671232876712
0.0452696910356832,328.7671232876712
0.0453113758340586,328.7671232876712
0.045353060632434,328.7671232876712
0.045394745430809395,328.7671232876712
0.045436430229184796,324.3243243243243
0.0454781150275602,324.3243243243243
0.0455197998259356,303.7974683544304
0.04556148462431099,303.7974683544304
0.04560316942268639,0.0
0.04564485422106179,324.3243243243243
0.04568653901943719,328.7671232876712
0.04572822381781259,328.7671232876712
0.04576990861618799,328.7671232876712
0.04581159341456339,324.3243243243243
0.04585327821293878,324.3243243243243
0.04589496301131418,328.7671232876712
0.04593664780968958,328.7671232876712
0.045978332608064984,328.7671232876712
0.04602001740644038,328.7671232876712
0.04606170220481578,328.7671232876712
0.04610338700319118,328.7671232876712
0.04614507180156658,0.0
0.046186756599941974,0.0
0.046228441398317374,0.0
0.046270126196692775,338.0281690140845
0.046311810995068176,338.0281690140845
0.04635349579344357,338.0281690140845
0.04639518059181897,333.3333333333333
0.04643686539019437,333.3333333333333
0.04647855018856977,328.7671232876712
0.046520234986945165,328.7671232876712
0.046561919785320566,328.7671232876712
0.046603604583695966,328.7671232876712
0.04664528938207137,324.3243243243243
0.04668697418044676,328.7671232876712
0.04672865897882216,328.7671232876712
0.04677034377719756,328.7671232876712
0.04681202857557296,328.7671232876712
0.04685371337394836,333.3333333333333
0.04689539817232376,328.7671232876712
0.04693708297069916,328.7671232876712
0.04697876776907456,328.7671232876712
0.04702045256744995,328.7671232876712
0.04706213736582535,328.7671232876712
0.047103822164200754,328.7671232876712
0.047145506962576154,328.7671232876712
0.04718719176095155,328.7671232876712
0.04722887655932695,328.7671232876712
0.04727056135770235,333.3333333333333
0.04731224615607774,333.3333333333333
0.047353930954453144,333.3333333333333
0.047395615752828545,333.3333333333333
0.047437300551203945,328.7671232876712
0.04747898534957934,328.7671232876712
0.04752067014795474,328.7671232876712
0.04756235494633014,328.7671232876712
0.04760403974470554,328.7671232876712
0.047645724543080935,328.7671232876712
0.047687409341456335,328.7671232876712
0.047729094139831736,328.7671232876712
0.04777077893820714,0.0
0.04781246373658253,0.0
0.04785414853495793,0.0
0.04789583333333333,269.6629213483146
0.04793751813170873,266.6666666666667
0.047979202930084126,260.8695652173913
0.04802088772845953,260.8695652173913
0.04806257252683493,258.06451612903226
0.04810425732521033,258.06451612903226
0.04814594212358572,260.8695652173913
0.04818762692196112,260.8695652173913
0.048229311720336523,260.8695652173913
0.048270996518711924,260.8695652173913
0.04831268131708732,260.8695652173913
0.04835436611546272,260.8695652173913
0.04839605091383812,260.8695652173913
0.04843773571221352,260.8695652173913
0.048479420510588914,260.8695652173913
0.048521105308964314,260.8695652173913
0.048562790107339715,260.8695652173913
0.048604474905715116,258.06451612903226
0.04864615970409051,258.06451612903226
0.04868784450246591,258.06451612903226
0.04872952930084131,258.06451612903226
0.04877121409921671,258.06451612903226
0.048812898897592105,255.31914893617022
0.048854583695967506,252.6315789473684
0.04889626849434291,247.42268041237114
0.0489379532927183,244.89795918367346
0.0489796380910937,0.0
0.0490213228894691,0.0
0.0490630076878445,0.0
0.049104692486219896,0.0
0.0491463772845953,0.0
0.0491880620829707,0.0
0.0492297468813461,0.0
0.04927143167972149,0.0
0.04931311647809689,0.0
0.04935480127647229,0.0
0.049396486074847694,0.0
0.04943817087322309,0.0
0.04947985567159849,0.0
0.04952154046997389,0.0
0.04956322526834929,0.0
0.04960491006672468,0.0
0.049646594865100084,0.0
0.049688279663475485,0.0
0.049729964461850885,0.0
0.04977164926022628,0.0
0.04981333405860168,0.0
0.04985501885697708,0.0
0.04989670365535248,0.0
0.049938388453727875,0.0
0.049980073252103276,216.21621621621622
0.050021758050478676,218.1818181818182
0.05006344284885408,218.1818181818182
0.05010512764722947,220.1834862385321
0.05014681244560487,220.1834862385321
0.05018849724398027,220.1834862385321
0.05023018204235567,220.1834862385321
0.050271866840731066,220.1834862385321
0.05031355163910647,220.1834862385321
0.05035523643748187,222.22222222222223
0.05039692123585726,222.22222222222223
0.05043860603423266,222.22222222222223
0.05048029083260806,224.29906542056074
0.050521975630983464,224.29906542056074
0.05056366042935886,224.29906542056074
0.05060534522773426,224.29906542056074
0.05064703002610966,224.29906542056074
0.05068871482448506,224.29906542056074
0.05073039962286045,224.29906542056074
0.050772084421235854,222.22222222222223
0.050813769219611254,222.22222222222223
0.050855454017986655,220.1834862385321
0.05089713881636205,220.1834862385321
0.05093882361473745,0.0
0.05098050841311285,230.76923076923077
0.05102219321148825,233.0097087378641
0.051063878009863645,235.2941176470588
0.051105562808239045,237.62376237623764
0.051147247606614446,240.0
0.05118893240498985,242.42424242424244
0.05123061720336524,244.89795918367346
0.05127230200174064,244.89795918367346
0.05131398680011604,247.42268041237114
0.05135567159849144,250.0
0.051397356396866836,252.6315789473684
0.05143904119524224,252.6315789473684
0.05148072599361764,252.6315789473684
0.05152241079199304,252.6315789473684
0.05156409559036843,252.6315789473684
0.05160578038874383,252.6315789473684
0.05164746518711923,252.6315789473684
0.051689149985494634,255.31914893617022
0.05173083478387003,255.31914893617022
0.05177251958224543,258.06451612903226
0.05181420438062083,258.06451612903226
0.05185588917899622,260.8695652173913
0.051897573977371624,260.8695652173913
0.051939258775747024,260.8695652173913
0.051980943574122425,260.8695652173913
0.05202262837249782,260.8695652173913
0.05206431317087322,260.8695652173913
0.05210599796924862,260.8695652173913
0.05214768276762402,260.8695652173913
0.052189367565999414,260.8695652173913
0.052231052364374815,260.8695652173913
0.052272737162750216,263.7362637362637
0.052314421961125616,266.6666666666667
0.05235610675950101,269.6629213483146
0.05239779155787641,275.86206896551727
0.05243947635625181,282.3529411764706
0.05248116115462721,289.1566265060241
0.052522845953002606,296.2962962962963
0.05256453075137801,307.6923076923077
0.05260621554975341,320.0
0.05264790034812881,328.7671232876712
0.0526895851465042,333.3333333333333
0.0527312699448796,338.0281690140845
0.052772954743255,342.85714285714283
0.052814639541630404,258.06451612903226
0.0528563243400058,260.8695652173913
0.0528980091383812,260.8695652173913
0.0529396939367566,260.8695652173913
0.052981378735132,260.8695652173913
0.05302306353350739,260.8695652173913
0.053064748331882794,260.8695652173913
0.053106433130258195,260.8695652173913
0.053148117928633595,260.8695652173913
0.05318980272700899,260.8695652173913
0.05323148752538439,260.8695652173913
0.05327317232375979,0.0
0.05331485712213519,0.0
0.053356541920510585,0.0
0.053398226718885985,0.0
0.053439911517261386,285.7142857142857
0.05348159631563678,279.06976744186045
0.05352328111401218,275.86206896551727
0.05356496591238758,272.72727272727275
0.05360665071076298,269.6629213483146
0.053648335509138376,260.8695652173913
0.053690020307513776,263.7362637362637
0.05373170510588918,263.7362637362637
0.05377338990426458,266.6666666666667
0.05381507470263997,263.7362637362637
0.05385675950101537,263.7362637362637
0.05389844429939077,263.7362637362637
0.053940129097766173,266.6666666666667
0.05398181389614157,266.6666666666667
0.05402349869451697,266.6666666666667
0.05406518349289237,263.7362637362637
0.05410686829126777,263.7362637362637
0.05414855308964316,260.8695652173913
0.054190237888018564,260.8695652173913
0.054231922686393964,258.06451612903226
0.054273607484769365,255.31914893617022
0.05431529228314476,255.31914893617022
0.05435697708152016,252.6315789473684
0.05439866187989556,252.6315789473684
0.05444034667827096,250.0
0.054482031476646355,247.42268041237114
0.054523716275021755,247.42268041237114
0.054565401073397156,247.42268041237114
0.05460708587177256,244.89795918367346
0.05464877067014795,244.89795918367346
0.05469045546852335,242.42424242424244
0.05473214026689875,242.42424242424244
0.05477382506527415,240.0
0.054815509863649546,235.2941176470588
0.05485719466202495,233.0097087378641
0.05489887946040035,0.0
0.05494056425877574,0.0
0.05498224905715114,0.0
0.05502393385552654,0.0
0.05506561865390194,0.0
0.05510730345227734,0.0
0.05514898825065274,0.0
0.05519067304902814,0.0
0.05523235784740354,0.0
0.05527404264577893,0.0
0.05531572744415433,0.0
0.055357412242529734,220.1834862385321
0.055399097040905135,220.1834862385321
0.05544078183928053,220.1834862385321
0.05548246663765593,220.1834862385321
0.05552415143603133,218.1818181818182
0.05556583623440673,218.1818181818182
0.055607521032782124,218.1818181818182
0.055649205831157525,218.1818181818182
0.055690890629532926,218.1818181818182
0.055732575427908326,218.1818181818182
0.05577426022628372,220.1834862385321
0.05581594502465912,220.1834862385321
0.05585762982303452,220.1834862385321
0.05589931462140992,220.1834862385321
0.055940999419785316,222.22222222222223
0.055982684218160716,222.22222222222223
0.05602436901653612,220.1834862385321
0.05606605381491152,222.22222222222223
0.05610773861328691,222.22222222222223
0.05614942341166231,224.29906542056074
0.05619110821003771,224.29906542056074
0.056232793008413114,224.29906542056074
0.05627447780678851,224.29906542056074
0.05631616260516391,224.29906542056074
0.05635784740353931,220.1834862385321
0.05639953220191471,218.1818181818182
0.0564412170002901,216.21621621621622
0.056482901798665504,212.38938053097345
0.056524586597040904,208.69565217391303
0.0565662713954163,205.12820512820514
0.0566079561937917,203.38983050847457
0.0566496409921671,206.89655172413794
0.0566913257905425,210.52631578947367
0.056733010588917894,216.21621621621622
0.056774695387293295,222.22222222222223
0.056816380185668695,226.41509433962264
0.056858064984044096,228.57142857142858
0.05689974978241949,228.57142857142858
0.05694143458079489,224.29906542056074
0.05698311937917029,224.29906542056074
0.05702480417754569,0.0
0.057066488975921086,0.0
0.057108173774296486,0.0
0.05714985857267189,0.0
0.05719154337104729,0.0
0.05723322816942268,0.0
0.05727491296779808,0.0
0.05731659776617348,0.0
0.05735828256454888,0.0
0.05739996736292428,0.0
0.05744165216129968,0.0
0.05748333695967508,0.0
0.05752502175805048,0.0
0.05756670655642587,0.0
0.057608391354801274,0.0
0.057650076153176674,0.0
0.057691760951552075,0.0
0.05773344574992747,0.0
0.05777513054830287,0.0
0.05781681534667827,0.0
0.05785850014505367,0.0
0.057900184943429064,0.0
0.057941869741804465,0.0
0.057983554540179866,0.0
0.05802523933855526,0.0
0.05806692413693066,0.0
0.05810860893530606,0.0
0.05815029373368146,0.0
0.058191978532056855,0.0
0.058233663330432256,0.0
0.05827534812880766,0.0
0.05831703292718306,258.06451612903226
0.05835871772555845,260.8695652173913
0.05840040252393385,260.8695652173913
0.05844208732230925,263.7362637362637
0.05848377212068465,260.8695652173913
0.05852545691906005,263.7362637362637
0.05856714171743545,263.7362637362637
0.05860882651581085,263.7362637362637
0.05865051131418625,263.7362637362637
0.05869219611256164,263.7362637362637
0.05873388091093704,263.7362637362637
0.058775565709312444,258.06451612903226
0.058817250507687845,0.0
0.05885893530606324,0.0
0.05890062010443864,0.0
0.05894230490281404,0.0
0.05898398970118944,0.0
0.059025674499564834,0.0
0.059067359297940235,0.0
0.059109044096315635,0.0
0.059150728894691036,0.0
0.05919241369306643,0.0
0.05923409849144183,0.0
0.05927578328981723,0.0
0.05931746808819263,307.6923076923077
0.059359152886568026,307.6923076923077
0.059400837684943426,307.6923076923077
0.05944252248331883,303.7974683544304
0.05948420728169422,300.0
0.05952589208006962,296.2962962962963
0.05956757687844502,296.2962962962963
0.05960926167682042,296.2962962962963
0.05965094647519582,296.2962962962963
0.05969263127357122,296.2962962962963
0.05973431607194662,300.0
0.05977600087032202,300.0
0.05981768566869741,303.7974683544304
0.05985937046707281,0.0
0.059901055265448214,0.0
0.059942740063823614,0.0
0.05998442486219901,0.0
0.06002610966057441,0.0
0.06006779445894981,0.0
0.06010947925732521,0.0
0.060151164055700604,0.0
0.060192848854076005,0.0
0.060234533652451405,0.0
0.060276218450826806,0.0
0.0603179032492022,0.0
0.0603595880475776,0.0
0.060401272845953,0.0
0.0604429576443284,0.0
0.060484642442703795,0.0
0.060526327241079196,0.0
0.0605680120394546,0.0
0.06060969683783,328.7671232876712
0.06065138163620539,333.3333333333333
0.06069306643458079,338.0281690140845
0.06073475123295619,338.0281690140845
0.06077643603133159,333.3333333333333
0.06081812082970699,333.3333333333333
0.06085980562808239,333.3333333333333
0.06090149042645779,328.7671232876712
0.06094317522483319,328.7671232876712
0.06098486002320858,328.7671232876712
0.06102654482158398,328.7671232876712
0.061068229619959384,328.7671232876712
0.06110991441833478,328.7671232876712
0.06115159921671018,328.7671232876712
0.06119328401508558,328.7671232876712
0.06123496881346098,328.7671232876712
0.061276653611836374,328.7671232876712
0.061318338410211774,328.7671232876712
0.061360023208587175,328.7671232876712
0.061401708006962576,328.7671232876712
0.06144339280533797,328.7671232876712
0.06148507760371337,328.7671232876712
0.06152676240208877,328.7671232876712
0.06156844720046417,328.7671232876712
0.061610131998839565,324.3243243243243
0.061651816797214966,328.7671232876712
0.061693501595590367,328.7671232876712
0.06173518639396577,328.7671232876712
0.06177687119234116,328.7671232876712
0.06181855599071656,328.7671232876712
0.06186024078909196,333.3333333333333
0.06190192558746736,333.3333333333333
0.06194361038584276,338.0281690140845
0.06198529518421816,342.85714285714283
0.06202697998259356,352.94117647058823
0.06206866478096896,358.2089552238806
0.06211034957934435,363.6363636363636
0.06215203437771975,369.2307692307692
0.062193719176095154,375.0
0.062235403974470555,380.95238095238096
0.06227708877284595,387.0967741935484
0.06231877357122135,387.0967741935484
0.06236045836959675,393.44262295081967
0.06240214316797215,393.44262295081967
0.062443827966347544,393.44262295081967
0.062485512764722945,393.44262295081967
0.06252719756309834,393.44262295081967
0.06256888236147375,393.44262295081967
0.06261056715984914,393.44262295081967
0.06265225195822453,393.44262295081967
0.06269393675659994,393.44262295081967
0.06273562155497533,393.44262295081967
0.06277730635335074,393.44262295081967
0.06281899115172614,393.44262295081967
0.06286067595010153,393.44262295081967
0.06290236074847694,393.44262295081967
0.06294404554685233,393.44262295081967
0.06298573034522773,393.44262295081967
0.06302741514360313,393.44262295081967
0.06306909994197853,393.44262295081967
0.06311078474035393,393.44262295081967
0.06315246953872933,387.0967741935484
0.06319415433710472,393.44262295081967
0.06323583913548013,387.0967741935484
0.06327752393385552,393.44262295081967
0.06331920873223092,393.44262295081967
0.06336089353060632,393.44262295081967
0.06340257832898172,393.44262295081967
0.06344426312735713,393.44262295081967
0.06348594792573252,393.44262295081967
0.06352763272410791,393.44262295081967
0.06356931752248332,393.44262295081967
0.06361100232085871,393.44262295081967
0.06365268711923411,393.44262295081967
0.06369437191760952,393.44262295081967
0.06373605671598491,387.0967741935484
0.06377774151436032,387.0967741935484
0.06381942631273571,393.44262295081967
0.0638611111111111,393.44262295081967
0.06390279590948651,393.44262295081967
0.0639444807078619,393.44262295081967
0.0639861655062373,393.44262295081967
0.06402785030461271,393.44262295081967
0.0640695351029881,393.44262295081967
0.0641112199013635,393.44262295081967
0.0641529046997389,393.44262295081967
0.0641945894981143,393.44262295081967
0.0642362742964897,393.44262295081967
0.0642779590948651,393.44262295081967
0.06431964389324049,393.44262295081967
0.0643613286916159,393.44262295081967
0.06440301348999129,387.0967741935484
0.06444469828836669,387.0967741935484
0.0644863830867421,380.95238095238096
0.06452806788511749,369.2307692307692
0.0645697526834929,369.2307692307692
0.06461143748186829,363.6363636363636
0.06465312228024368,363.6363636363636
0.06469480707861909,375.0
0.06473649187699448,380.95238095238096
0.06477817667536988,393.44262295081967
0.06481986147374529,400.0
0.06486154627212068,406.77966101694915
0.06490323107049609,406.77966101694915
0.06494491586887148,400.0
0.06498660066724687,400.0
0.06502828546562228,387.0967741935484
0.06506997026399768,380.95238095238096
0.06511165506237307,369.2307692307692
0.06515333986074848,358.2089552238806
0.06519502465912387,352.94117647058823
0.06523670945749928,347.82608695652175
0.06527839425587467,338.0281690140845
0.06532007905425007,0.0
0.06536176385262547,0.0
0.06540344865100087,0.0
0.06544513344937626,0.0
0.06548681824775167,0.0
0.06552850304612706,0.0
0.06557018784450246,0.0
0.06561187264287786,0.0
0.06565355744125326,0.0
0.06569524223962867,0.0
0.06573692703800406,0.0
0.06577861183637945,0.0
0.06582029663475486,0.0
0.06586198143313025,0.0
0.06590366623150565,0.0
0.06594535102988106,0.0
0.06598703582825645,0.0
0.06602872062663186,0.0
0.06607040542500725,0.0
0.06611209022338264,0.0
0.06615377502175805,0.0
0.06619545982013345,0.0
0.06623714461850884,0.0
0.06627882941688425,0.0
0.06632051421525964,0.0
0.06636219901363505,0.0
0.06640388381201044,0.0
0.06644556861038584,0.0
0.06648725340876124,0.0
0.06652893820713664,0.0
0.06657062300551203,0.0
0.06661230780388744,0.0
0.06665399260226283,0.0
0.06669567740063824,0.0
0.06673736219901363,315.7894736842105
0.06677904699738903,320.0
0.06682073179576443,320.0
0.06686241659413983,320.0
0.06690410139251522,324.3243243243243
0.06694578619089063,324.3243243243243
0.06698747098926602,324.3243243243243
0.06702915578764143,328.7671232876712
0.06707084058601682,328.7671232876712
0.06711252538439222,328.7671232876712
0.06715421018276763,328.7671232876712
0.06719589498114302,328.7671232876712
0.06723757977951841,328.7671232876712
0.06727926457789382,333.3333333333333
0.06732094937626922,333.3333333333333
0.06736263417464461,333.3333333333333
0.06740431897302002,328.7671232876712
0.06744600377139541,328.7671232876712
0.06748768856977082,328.7671232876712
0.06752937336814621,328.7671232876712
0.0675710581665216,328.7671232876712
0.06761274296489701,328.7671232876712
0.0676544277632724,328.7671232876712
0.0676961125616478,328.7671232876712
0.06773779736002321,328.7671232876712
0.0677794821583986,328.7671232876712
0.06782116695677401,328.7671232876712
0.0678628517551494,0.0
0.0679045365535248,0.0
0.0679462213519002,0.0
0.0679879061502756,0.0
0.06802959094865099,0.0
0.0680712757470264,0.0
0.0681129605454018,0.0
0.0681546453437772,324.3243243243243
0.0681963301421526,328.7671232876712
0.06823801494052799,328.7671232876712
0.0682796997389034,328.7671232876712
0.06832138453727879,328.7671232876712
0.06836306933565418,328.7671232876712
0.06840475413402959,328.7671232876712
0.06844643893240498,328.7671232876712
0.06848812373078039,328.7671232876712
0.06852980852915579,328.7671232876712
0.06857149332753118,328.7671232876712
0.06861317812590659,328.7671232876712
0.06865486292428198,328.7671232876712
0.06869654772265738,328.7671232876712
0.06873823252103278,328.7671232876712
0.06877991731940818,324.3243243243243
0.06882160211778357,324.3243243243243
0.06886328691615898,320.0
0.06890497171453437,307.6923076923077
0.06894665651290978,303.7974683544304
0.06898834131128517,292.6829268292683
0.06903002610966057,285.7142857142857
0.06907171090803597,0.0
0.06911339570641137,0.0
0.06915508050478676,0.0
0.06919676530316217,0.0
0.06923845010153756,0.0
0.06928013489991297,0.0
0.06932181969828836,0.0
0.06936350449666376,0.0
0.06940518929503917,0.0
0.06944687409341456,320.0
0.06948855889178995,324.3243243243243
0.06953024369016536,333.3333333333333
0.06957192848854075,333.3333333333333
0.06961361328691616,333.3333333333333
0.06965529808529156,328.7671232876712
0.06969698288366695,328.7671232876712
0.06973866768204236,328.7671232876712
0.06978035248041775,328.7671232876712
0.06982203727879314,328.7671232876712
0.06986372207716855,328.7671232876712
0.06990540687554395,328.7671232876712
0.06994709167391935,328.7671232876712
0.06998877647229475,328.7671232876712
0.07003046127067014,328.7671232876712
0.07007214606904555,324.3243243243243
0.07011383086742094,328.7671232876712
0.07015551566579634,328.7671232876712
0.07019720046417174,328.7671232876712
0.07023888526254714,328.7671232876712
0.07028057006092253,333.3333333333333
0.07032225485929794,333.3333333333333
0.07036393965767333,328.7671232876712
0.07040562445604874,324.3243243243243
0.07044730925442413,307.6923076923077
0.07048899405279953,292.6829268292683
0.07053067885117494,0.0
0.07057236364955033,0.0
0.07061404844792572,292.6829268292683
0.07065573324630113,303.7974683544304
0.07069741804467652,315.7894736842105
0.07073910284305193,324.3243243243243
0.07078078764142733,328.7671232876712
0.07082247243980272,328.7671232876712
0.07086415723817813,328.7671232876712
0.07090584203655352,328.7671232876712
0.07094752683492891,328.7671232876712
0.07098921163330432,328.7671232876712
0.07103089643167972,328.7671232876712
0.07107258123005512,328.7671232876712
0.07111426602843052,328.7671232876712
0.07115595082680591,328.7671232876712
0.07119763562518132,333.3333333333333
0.07123932042355671,328.7671232876712
0.0712810052219321,328.7671232876712
0.07132269002030751,324.3243243243243
0.07136437481868291,328.7671232876712
0.07140605961705832,0.0
0.07144774441543371,0.0
0.0714894292138091,0.0
0.07153111401218451,0.0
0.0715727988105599,0.0
0.0716144836089353,0.0
0.0716561684073107,0.0
0.0716978532056861,0.0
0.07173953800406149,0.0
0.0717812228024369,0.0
0.0718229076008123,0.0
0.0718645923991877,0.0
0.0719062771975631,0.0
0.07194796199593849,0.0
0.0719896467943139,0.0
0.07203133159268929,342.85714285714283
0.07207301639106468,338.0281690140845
0.07211470118944009,333.3333333333333
0.07215638598781549,328.7671232876712
0.0721980707861909,328.7671232876712
0.07223975558456629,324.3243243243243
0.07228144038294168,324.3243243243243
0.07232312518131709,324.3243243243243
0.07236480997969248,328.7671232876712
0.07240649477806788,328.7671232876712
0.07244817957644328,328.7671232876712
0.07248986437481868,328.7671232876712
0.07253154917319408,333.3333333333333
0.07257323397156948,328.7671232876712
0.07261491876994487,328.7671232876712
0.07265660356832028,328.7671232876712
0.07269828836669567,328.7671232876712
0.07273997316507107,328.7671232876712
0.07278165796344647,328.7671232876712
0.07282334276182187,328.7671232876712
0.07286502756019728,328.7671232876712
0.07290671235857267,328.7671232876712
0.07294839715694806,0.0
0.07299008195532347,0.0
0.07303176675369887,0.0
0.07307345155207426,0.0
0.07311513635044967,338.0281690140845
0.07315682114882506,338.0281690140845
0.07319850594720045,333.3333333333333
0.07324019074557586,333.3333333333333
0.07328187554395126,328.7671232876712
0.07332356034232666,328.7671232876712
0.07336524514070206,328.7671232876712
0.07340692993907745,328.7671232876712
0.07344861473745286,328.7671232876712
0.07349029953582825,328.7671232876712
0.07353198433420365,328.7671232876712
0.07357366913257905,328.7671232876712
0.07361535393095445,328.7671232876712
0.07365703872932985,328.7671232876712
0.07369872352770525,328.7671232876712
0.07374040832608064,0.0
0.07378209312445605,0.0
0.07382377792283144,0.0
0.07386546272120684,0.0
0.07390714751958224,0.0
0.07394883231795764,0.0
0.07399051711633305,0.0
0.07403220191470844,0.0
0.07407388671308383,338.0281690140845
0.07411557151145924,333.3333333333333
0.07415725630983463,333.3333333333333
0.07419894110821003,333.3333333333333
0.07424062590658544,333.3333333333333
0.07428231070496083,333.3333333333333
0.07432399550333624,328.7671232876712
0.07436568030171163,328.7671232876712
0.07440736510008703,328.7671232876712
0.07444904989846243,333.3333333333333
0.07449073469683783,333.3333333333333
0.07453241949521322,0.0
0.07457410429358863,0.0
0.07461578909196402,0.0
0.07465747389033943,0.0
0.07469915868871482,0.0
0.07474084348709022,226.41509433962264
0.07478252828546562,222.22222222222223
0.07482421308384102,220.1834862385321
0.07486589788221641,218.1818181818182
0.07490758268059182,218.1818181818182
0.07494926747896721,218.1818181818182
0.0749909522773426,218.1818181818182
0.07503263707571801,218.1818181818182
0.07507432187409341,218.1818181818182
0.07511600667246882,218.1818181818182
0.07515769147084421,218.1818181818182
0.0751993762692196,218.1818181818182
0.07524106106759501,218.1818181818182
0.0752827458659704,218.1818181818182
0.0753244306643458,220.1834862385321
0.0753661154627212,220.1834862385321
0.0754078002610966,220.1834862385321
0.07544948505947201,222.22222222222223
0.0754911698578474,222.22222222222223
0.0755328546562228,220.1834862385321
0.0755745394545982,220.1834862385321
0.0756162242529736,218.1818181818182
0.07565790905134899,218.1818181818182
0.0756995938497244,218.1818181818182
0.07574127864809979,220.1834862385321
0.0757829634464752,220.1834862385321
0.07582464824485059,220.1834862385321
0.07586633304322599,220.1834862385321
0.0759080178416014,220.1834862385321
0.07594970263997679,220.1834862385321
0.07599138743835218,220.1834862385321
0.07603307223672759,220.1834862385321
0.07607475703510298,220.1834862385321
0.07611644183347839,222.22222222222223
0.07615812663185378,220.1834862385321
0.07619981143022918,220.1834862385321
0.07624149622860459,220.1834862385321
0.07628318102697998,220.1834862385321
0.07632486582535537,220.1834862385321
0.07636655062373078,222.22222222222223
0.07640823542210617,220.1834862385321
0.07644992022048157,220.1834862385321
0.07649160501885698,220.1834862385321
0.07653328981723237,220.1834862385321
0.07657497461560778,220.1834862385321
0.07661665941398317,218.1818181818182
0.07665834421235856,218.1818181818182
0.07670002901073397,218.1818181818182
0.07674171380910937,218.1818181818182
0.07678339860748476,220.1834862385321
0.07682508340586017,220.1834862385321
0.07686676820423556,220.1834862385321
0.07690845300261097,220.1834862385321
0.07695013780098636,220.1834862385321
0.07699182259936176,218.1818181818182
0.07703350739773716,218.1818181818182
0.07707519219611256,218.1818181818182
0.07711687699448795,218.1818181818182
0.07715856179286336,218.1818181818182
0.07720024659123875,220.1834862385321
0.07724193138961416,220.1834862385321
0.07728361618798955,220.1834862385321
0.07732530098636495,220.1834862385321
0.07736698578474036,222.22222222222223
0.07740867058311575,222.22222222222223
0.07745035538149114,222.22222222222223
0.07749204017986655,222.22222222222223
0.07753372497824194,220.1834862385321
0.07757540977661735,220.1834862385321
0.07761709457499275,220.1834862385321
0.07765877937336814,220.1834862385321
0.07770046417174355,220.1834862385321
0.07774214897011894,218.1818181818182
0.07778383376849433,218.1818181818182
0.07782551856686974,218.1818181818182
0.07786720336524514,218.1818181818182
0.07790888816362053,218.1818181818182
0.07795057296199594,218.1818181818182
0.07799225776037133,220.1834862385321
0.07803394255874674,222.22222222222223
0.07807562735712213,224.29906542056074
0.07811731215549753,226.41509433962264
0.07815899695387293,226.41509433962264
0.07820068175224833,228.57142857142858
0.07824236655062372,230.76923076923077
0.07828405134899913,230.76923076923077
0.07832573614737452,230.76923076923077
0.07836742094574993,230.76923076923077
0.07840910574412532,228.57142857142858
0.07845079054250072,0.0
0.07849247534087612,0.0
0.07853416013925152,0.0
0.07857584493762691,0.0
0.07861752973600232,0.0
0.07865921453437771,0.0
0.07870089933275312,0.0
0.07874258413112852,0.0
0.07878426892950391,0.0
0.07882595372787932,0.0
0.07886763852625471,0.0
0.0789093233246301,0.0
0.07895100812300551,0.0
0.0789926929213809,0.0
0.07903437771975631,0.0
0.0790760625181317,0.0
0.0791177473165071,0.0
0.07915943211488251,0.0
0.0792011169132579,0.0
0.0792428017116333,0.0
0.0792844865100087,0.0
0.0793261713083841,0.0
0.07936785610675949,0.0
0.0794095409051349,0.0
0.07945122570351029,0.0
0.0794929105018857,0.0
0.0795345953002611,0.0
0.07957628009863649,0.0
0.0796179648970119,0.0
0.07965964969538729,0.0
0.07970133449376268,0.0
0.07974301929213809,0.0
0.07978470409051348,0.0
0.07982638888888889,0.0
0.07986807368726428,0.0
0.07990975848563968,0.0
0.07995144328401509,0.0
0.07999312808239048,0.0
0.08003481288076587,0.0
0.08007649767914128,0.0
0.08011818247751668,0.0
0.08015986727589208,0.0
0.08020155207426748,0.0
0.08024323687264287,0.0
0.08028492167101828,0.0
0.08032660646939367,0.0
0.08036829126776907,0.0
0.08040997606614447,0.0
0.08045166086451987,0.0
0.08049334566289527,0.0
0.08053503046127067,0.0
0.08057671525964606,0.0
0.08061840005802147,0.0
0.08066008485639686,324.3243243243243
0.08070176965477226,320.0
0.08074345445314766,324.3243243243243
0.08078513925152306,328.7671232876712
0.08082682404989845,333.3333333333333
0.08086850884827386,333.3333333333333
0.08091019364664925,333.3333333333333
0.08095187844502466,333.3333333333333
0.08099356324340005,333.3333333333333
0.08103524804177545,333.3333333333333
0.08107693284015086,333.3333333333333
0.08111861763852625,328.7671232876712
0.08116030243690164,328.7671232876712
0.08120198723527705,328.7671232876712
0.08124367203365244,333.3333333333333
0.08128535683202785,333.3333333333333
0.08132704163040325,333.3333333333333
0.08136872642877864,328.7671232876712
0.08141041122715405,324.3243243243243
0.08145209602552944,315.7894736842105
0.08149378082390484,303.7974683544304
0.08153546562228024,0.0
0.08157715042065564,0.0
0.08161883521903104,0.0
0.08166052001740644,0.0
0.08170220481578183,0.0
0.08174388961415724,0.0
0.08178557441253263,0.0
0.08182725921090803,0.0
0.08186894400928343,0.0
0.08191062880765883,0.0
0.08195231360603424,0.0
0.08199399840440963,0.0
0.08203568320278502,0.0
0.08207736800116043,0.0
0.08211905279953582,0.0
0.08216073759791122,338.0281690140845
0.08220242239628663,338.0281690140845
0.08224410719466202,338.0281690140845
0.08228579199303743,338.0281690140845
0.08232747679141282,338.0281690140845
0.08236916158978821,333.3333333333333
0.08241084638816362,333.3333333333333
0.08245253118653902,328.7671232876712
0.08249421598491441,328.7671232876712
0.08253590078328982,328.7671232876712
0.08257758558166521,328.7671232876712
0.0826192703800406,328.7671232876712
0.08266095517841601,328.7671232876712
0.0827026399767914,324.3243243243243
0.08274432477516681,320.0
0.08278600957354221,320.0
0.0828276943719176,320.0
0.08286937917029301,320.0
0.0829110639686684,315.7894736842105
0.0829527487670438,311.68831168831167
0.0829944335654192,311.68831168831167
0.0830361183637946,307.6923076923077
0.08307780316217,300.0
0.0831194879605454,300.0
0.08316117275892079,296.2962962962963
0.0832028575572962,292.6829268292683
0.0832445423556716,292.6829268292683
0.08328622715404699,292.6829268292683
0.0833279119524224,292.6829268292683
0.08336959675079779,296.2962962962963
0.0834112815491732,296.2962962962963
0.08345296634754859,300.0
0.08349465114592398,303.7974683544304
0.08353633594429939,307.6923076923077
0.08357802074267479,311.68831168831167
0.08361970554105018,315.7894736842105
0.08366139033942559,320.0
0.08370307513780098,324.3243243243243
0.08374475993617639,328.7671232876712
0.08378644473455178,328.7671232876712
0.08382812953292718,333.3333333333333
0.08386981433130258,328.7671232876712
0.08391149912967798,328.7671232876712
0.08395318392805337,328.7671232876712
0.08399486872642878,328.7671232876712
0.08403655352480417,328.7671232876712
0.08407823832317957,328.7671232876712
0.08411992312155497,328.7671232876712
0.08416160791993037,328.7671232876712
0.08420329271830577,328.7671232876712
0.08424497751668117,324.3243243243243
0.08428666231505656,320.0
0.08432834711343197,296.2962962962963
0.08437003191180736,296.2962962962963
0.08441171671018276,303.7974683544304
0.08445340150855817,307.6923076923077
0.08449508630693356,307.6923076923077
0.08453677110530897,303.7974683544304
0.08457845590368436,300.0
0.08462014070205975,292.6829268292683
0.08466182550043516,292.6829268292683
0.08470351029881056,292.6829268292683
0.08474519509718595,296.2962962962963
0.08478687989556136,296.2962962962963
0.08482856469393675,292.6829268292683
0.08487024949231216,292.6829268292683
0.08491193429068755,292.6829268292683
0.08495361908906295,289.1566265060241
0.08499530388743835,289.1566265060241
0.08503698868581375,289.1566265060241
0.08507867348418914,289.1566265060241
0.08512035828256455,289.1566265060241
0.08516204308093994,289.1566265060241
0.08520372787931535,289.1566265060241
0.08524541267769074,292.6829268292683
0.08528709747606614,292.6829268292683
0.08532878227444154,296.2962962962963
0.08537046707281694,0.0
0.08541215187119233,0.0
0.08545383666956774,0.0
0.08549552146794313,0.0
0.08553720626631853,0.0
0.08557889106469393,0.0
0.08562057586306933,0.0
0.08566226066144474,0.0
0.08570394545982013,0.0
0.08574563025819552,0.0
0.08578731505657093,0.0
0.08582899985494633,0.0
0.08587068465332172,0.0
0.08591236945169713,0.0
0.08595405425007252,237.62376237623764
0.08599573904844793,235.2941176470588
0.08603742384682332,233.0097087378641
0.08607910864519872,228.57142857142858
0.08612079344357412,224.29906542056074
0.08616247824194952,220.1834862385321
0.08620416304032491,216.21621621621622
0.08624584783870032,214.28571428571428
0.08628753263707571,0.0
0.08632921743545112,0.0
0.08637090223382651,0.0
0.0864125870322019,0.0
0.08645427183057731,0.0
0.08649595662895271,0.0
0.0865376414273281,0.0
0.08657932622570351,0.0
0.0866210110240789,0.0
0.08666269582245431,0.0
0.0867043806208297,0.0
0.0867460654192051,0.0
0.0867877502175805,0.0
0.0868294350159559,0.0
0.0868711198143313,0.0
0.0869128046127067,198.34710743801654
0.0869544894110821,195.1219512195122
0.08699617420945749,193.5483870967742
0.0870378590078329,193.5483870967742
0.08707954380620829,195.1219512195122
0.0871212286045837,195.1219512195122
0.08716291340295909,196.72131147540983
0.08720459820133449,198.34710743801654
0.08724628299970989,198.34710743801654
0.08728796779808529,198.34710743801654
0.08732965259646068,196.72131147540983
0.08737133739483609,0.0
0.08741302219321148,0.0
0.08745470699158689,0.0
0.08749639178996228,0.0
0.08753807658833768,0.0
0.08757976138671308,0.0
0.08762144618508848,0.0
0.08766313098346387,0.0
0.08770481578183928,0.0
0.08774650058021467,0.0
0.08778818537859008,0.0
0.08782987017696547,0.0
0.08787155497534087,0.0
0.08791323977371628,0.0
0.08795492457209167,0.0
0.08799660937046706,0.0
0.08803829416884247,0.0
0.08807997896721786,0.0
0.08812166376559327,0.0
0.08816334856396867,0.0
0.08820503336234406,0.0
0.08824671816071947,0.0
0.08828840295909486,0.0
0.08833008775747025,0.0
0.08837177255584566,0.0
0.08841345735422106,222.22222222222223
0.08845514215259645,222.22222222222223
0.08849682695097186,220.1834862385321
0.08853851174934725,220.1834862385321
0.08858019654772266,218.1818181818182
0.08862188134609805,220.1834862385321
0.08866356614447345,220.1834862385321
0.08870525094284885,220.1834862385321
0.08874693574122425,220.1834862385321
0.08878862053959964,220.1834862385321
0.08883030533797505,220.1834862385321
0.08887199013635044,220.1834862385321
0.08891367493472585,220.1834862385321
0.08895535973310124,218.1818181818182
0.08899704453147664,218.1818181818182
0.08903872932985205,220.1834862385321
0.08908041412822744,220.1834862385321
0.08912209892660283,220.1834862385321
0.08916378372497824,220.1834862385321
0.08920546852335363,220.1834862385321
0.08924715332172904,220.1834862385321
0.08928883812010444,220.1834862385321
0.08933052291847983,220.1834862385321
0.08937220771685524,220.1834862385321
0.08941389251523063,220.1834862385321
0.08945557731360602,220.1834862385321
0.08949726211198143,220.1834862385321
0.08953894691035683,220.1834862385321
0.08958063170873223,220.1834862385321
0.08962231650710763,220.1834862385321
0.08966400130548302,220.1834862385321
0.08970568610385843,218.1818181818182
0.08974737090223382,218.1818181818182
0.08978905570060922,218.1818181818182
0.08983074049898462,218.1818181818182
0.08987242529736002,218.1818181818182
0.08991411009573543,218.1818181818182
0.08995579489411082,218.1818181818182
0.08999747969248621,218.1818181818182
0.09003916449086162,218.1818181818182
0.09008084928923701,220.1834862385321
0.09012253408761241,218.1818181818182
0.09016421888598782,218.1818181818182
0.09020590368436321,218.1818181818182
0.0902475884827386,220.1834862385321
0.09028927328111401,220.1834862385321
0.0903309580794894,222.22222222222223
0.09037264287786481,224.29906542056074
0.0904143276762402,224.29906542056074
0.0904560124746156,224.29906542056074
0.090497697272991,224.29906542056074
0.0905393820713664,222.22222222222223
0.0905810668697418,222.22222222222223
0.0906227516681172,220.1834862385321
0.0906644364664926,218.1818181818182
0.090706121264868,218.1818181818182
0.0907478060632434,218.1818181818182
0.09078949086161879,218.1818181818182
0.0908311756599942,218.1818181818182
0.09087286045836959,218.1818181818182
0.09091454525674499,220.1834862385321
0.0909562300551204,220.1834862385321
0.09099791485349579,220.1834862385321
0.0910395996518712,220.1834862385321
0.09108128445024659,220.1834862385321
0.09112296924862198,220.1834862385321
0.09116465404699739,220.1834862385321
0.09120633884537278,220.1834862385321
0.09124802364374818,220.1834862385321
0.09128970844212358,220.1834862385321
0.09133139324049898,220.1834862385321
0.09137307803887439,220.1834862385321
0.09141476283724978,218.1818181818182
0.09145644763562517,216.21621621621622
0.09149813243400058,216.21621621621622
0.09153981723237598,214.28571428571428
0.09158150203075137,216.21621621621622
0.09162318682912678,218.1818181818182
0.09166487162750217,218.1818181818182
0.09170655642587756,222.22222222222223
0.09174824122425297,222.22222222222223
0.09178992602262837,222.22222222222223
0.09183161082100377,224.29906542056074
0.09187329561937917,226.41509433962264
0.09191498041775456,228.57142857142858
0.09195666521612997,228.57142857142858
0.09199835001450536,228.57142857142858
0.09204003481288076,228.57142857142858
0.09208171961125616,226.41509433962264
0.09212340440963156,220.1834862385321
0.09216508920800696,214.28571428571428
0.09220677400638236,212.38938053097345
0.09224845880475775,214.28571428571428
0.09229014360313316,214.28571428571428
0.09233182840150855,216.21621621621622
0.09237351319988395,218.1818181818182
0.09241519799825935,220.1834862385321
0.09245688279663475,224.29906542056074
0.09249856759501016,226.41509433962264
0.09254025239338555,226.41509433962264
0.09258193719176094,226.41509433962264
0.09262362199013635,226.41509433962264
0.09266530678851174,224.29906542056074
0.09270699158688714,220.1834862385321
0.09274867638526255,218.1818181818182
0.09279036118363794,216.21621621621622
0.09283204598201335,212.38938053097345
0.09287373078038874,0.0
0.09291541557876414,0.0
0.09295710037713954,0.0
0.09299878517551494,0.0
0.09304046997389033,0.0
0.09308215477226574,0.0
0.09312383957064113,0.0
0.09316552436901653,0.0
0.09320720916739193,0.0
0.09324889396576733,0.0
0.09329057876414273,0.0
0.09333226356251813,0.0
0.09337394836089352,0.0
0.09341563315926893,0.0
0.09345731795764432,0.0
0.09349900275601972,0.0
0.09354068755439512,0.0
0.09358237235277052,0.0
0.09362405715114593,0.0
0.09366574194952132,0.0
0.09370742674789671,0.0
0.09374911154627212,0.0
0.09379079634464751,0.0
0.09383248114302291,0.0
0.09387416594139832,0.0
0.09391585073977371,0.0
0.09395753553814912,0.0
0.09399922033652451,0.0
0.0940409051348999,0.0
0.09408258993327531,0.0
0.0941242747316507,0.0
0.0941659595300261,0.0
0.09420764432840151,0.0
0.0942493291267769,0.0
0.09429101392515231,0.0
0.0943326987235277,0.0
0.0943743835219031,0.0
0.0944160683202785,0.0
0.0944577531186539,0.0
0.09449943791702929,0.0
0.0945411227154047,0.0
0.09458280751378009,0.0
0.09462449231215549,0.0
0.0946661771105309,0.0
0.09470786190890629,0.0
0.0947495467072817,0.0
0.09479123150565709,0.0
0.09483291630403248,0.0
0.09487460110240789,0.0
0.09491628590078328,0.0
0.09495797069915868,0.0
0.09499965549753409,0.0
0.09504134029590948,0.0
0.09508302509428489,0.0
0.09512470989266028,0.0
0.09516639469103567,0.0
0.09520807948941108,0.0
0.09524976428778648,0.0
0.09529144908616187,0.0
0.09533313388453728,0.0
0.09537481868291267,0.0
0.09541650348128808,0.0
0.09545818827966347,0.0
0.09549987307803887,0.0
0.09554155787641427,0.0
0.09558324267478967,0.0
0.09562492747316506,0.0
0.09566661227154047,0.0
0.09570829706991586,0.0
0.09574998186829127,0.0
0.09579166666666666,0.0
